{"count":1,"self":428.1282816,"total":482.4875219,"children":{"InitializeActuators":{"count":1,"self":0,"total":0,"children":null},"InitializeSensors":{"count":1,"self":0.0025434999999999998,"total":0.0025434999999999998,"children":null},"AgentSendState":{"count":23878,"self":0.27415439999999996,"total":5.2802656,"children":{"CollectObservations":{"count":23878,"self":4.8810623999999994,"total":4.8810623999999994,"children":null},"WriteActionMask":{"count":23878,"self":0.0406372,"total":0.0406372,"children":null},"RequestDecision":{"count":23878,"self":0.084411599999999989,"total":0.084411599999999989,"children":null}}},"DecideAction":{"count":23878,"self":45.1430752,"total":45.1430742,"children":null},"AgentAct":{"count":23878,"self":3.9333571999999997,"total":3.9333571999999997,"children":null}},"gauges":{"StationaryFlightAgent.CumulativeReward":{"count":30,"max":112.373932,"min":36.74382,"runningAverage":70.62084,"value":61.5513573,"weightedAverage":66.0750046}},"metadata":{"timer_format_version":"0.1.0","start_time_seconds":"1766921776","unity_version":"2022.3.26f1","command_line_arguments":"C:\\Program Files\\Unity\\Hub\\Editor\\2022.3.26f1\\Editor\\Unity.exe -rebuildlibrary -cloudEnvironment production -cloudProject df3386ad-fb9b-44f0-a0a2-d667c5961d61 -projectpath C:\\Users\\willi\\Drone","communication_protocol_version":"1.5.0","com.unity.ml-agents_version":"2.0.2","scene_name":"SampleScene","end_time_seconds":"1766922259"}}